ID,화면,이미지,실제 파일 또는 route,재현 상태 또는 조건,구현 상태,기기 검증,캡처 경로,검사 근거,남은 연동
HOME,러닝 메인 · 승인안,../01-screens/HOME.png,app/src/main/java/com/stepup/android/ui/screens/home/HomeScreen.kt | route home (Screen.Run),러닝 하단 탭 → 러닝 탭 첫 화면 · 신고 있는 신발 · SUP 알약,구현,미검증,run-journey/HOME.png,RunJourneyDesignTest#screens,
U01,러닝 시작 · 다섯 가지 선택,../01-screens/U01.png,app/src/main/java/com/stepup/android/ui/screens/walk/RunFlowScreens.kt (RunStartMenuContent) | route run-start,HOME의 러닝 시작 → HOME 러닝 시작 · 다섯 버튼 · SUP 알약,구현,미검증,run-journey/U01.png,RunJourneyDesignTest#screens,
U02,러닝 챌린지 선택,../01-screens/U02.png,app/src/main/java/com/stepup/android/ui/screens/walk/RunFlowScreens.kt (RunGoalsScreen) | route run-goals,U01 챌린지 → U01 챌린지,구현,미검증,run-journey/U02.png,RunJourneyDesignTest#screens,
U03,10분 챌린지 진행,../01-screens/U03.png,app/src/main/java/com/stepup/android/ui/screens/walk/RunLive.kt (RunLiveContent · LiveHero.Clock) | route run,R01의 10분 도전 → RunPlan.Goal(10분) 진행 중,구현,미검증,run-journey/U03.png,RunJourneyDesignTest#screens,
U04,내 위치 기준 추천 코스,../01-screens/U04.png,app/src/main/java/com/stepup/android/ui/screens/walk/RunCourseScreens.kt (CourseRecUi.Found) | route run-course,K01 추천 성공 → 가까운 코스를 찾음(1/2),구현 — 추천은 기기 · 게시판 코스 거리순,미검증,run-journey/U04.png,RunJourneyDesignTest#states,코스 추천 서버 API 없음 — 기기 코스 + 공유 게시판 코스 중 거리순(CourseRecommendations.near)
U05,다이어트 모드 · 몸 정보,../01-screens/U05.png,app/src/main/java/com/stepup/android/ui/screens/walk/DietScreens.kt (DietInputContent) | route run-diet,U01 다이어트 최초 입력 → 몸 정보 · 경험 첫 입력,구현 — 경험 줄마다 짧은 설명 유지,미검증,run-journey/U05.png,RunJourneyDesignTest#diet,
U06,15분 러닝 방법 추천,../01-screens/U06.png,app/src/main/java/com/stepup/android/ui/screens/walk/DietScreens.kt (DietPlanScreen) | route run-diet/plan,D04 추천 성공 또는 저장된 정보 → 저장된 경험으로 15분 루틴,구현,미검증,run-journey/U06.png,RunJourneyDesignTest#diet,
R01,시작 카운트다운,../01-screens/R01.png,app/src/main/java/com/stepup/android/ui/screens/walk/RunStartOverlays.kt (RunCountdown · RunCountdownStage) | route run?start=true,선택 모드와 필요한 권한 준비 후 → 권한 준비 후 3-2-1 · 취소/뒤로는 기록 없음,구현,미검증,run-journey/R01.png · forms/run-countdown.png,RunJourneyDesignTest#states · RunStartFlowTest,
R02,자유 러닝 중,../01-screens/R02.png,app/src/main/java/com/stepup/android/ui/screens/walk/RunLive.kt (RunLiveContent) | route run,자유 러닝 시작/재개 → 자유 러닝 중 · 실제 지도 · GPS 연결됨,구현,미검증,run-journey/R02.png,RunJourneyDesignTest#screens,
R02_TIME,위치 없이 시간만 기록,../01-screens/R02_TIME.png,app/src/main/java/com/stepup/android/ui/screens/walk/RunLive.kt (NoLocationMap) · WalkScreen.kt(timeOnly) | route run,위치 없는 시간 전용 시작 → 위치 없이 기록 — 거리 · 페이스 '—',구현,미검증,run-journey/R02_TIME.png,RunJourneyDesignTest#screens,
R03,러닝 일시정지,../01-screens/R03.png,app/src/main/java/com/stepup/android/ui/screens/walk/RunLive.kt (paused) | route run,진행 중 정지 또는 시스템 뒤로 → 일시정지 · 뒤로 가기도 일시정지,구현,미검증,run-journey/R03.png,RunJourneyDesignTest#screens,
R04,러닝 종료 확인,../01-screens/R04.png,app/src/main/java/com/stepup/android/ui/screens/walk/WalkScreen.kt (run-end-dialog) | route run,종료 요청 → 마칠까요?,구현,미검증,run-journey/R04.png,RunJourneyDesignTest#screens,
R05,러닝 결과 · 저장 완료,../01-screens/R05.png,app/src/main/java/com/stepup/android/ui/screens/walk/RunLive.kt (RunResultContent) | route run,일반 세션 저장 성공 → 저장한 결과 · 보상 확인 중,구현,미검증,run-journey/R05.png,RunJourneyDesignTest#screens,
R06,저장된 기록 삭제 확인,../01-screens/R06.png,app/src/main/java/com/stepup/android/ui/screens/walk/WalkScreen.kt (run-delete-sheet) | route run,저장 완료 결과의 삭제 → 결과의 삭제 — 누르기 전에는 지우지 않음,구현,미검증,run-journey/R06.png,RunJourneyDesignTest#screens,
R07,저장 없이 끝내기 확인,../01-screens/R07.png,app/src/main/java/com/stepup/android/ui/screens/walk/WalkScreen.kt (run-discard-dialog) | route run,저장 전 기록 없이 끝내기 → 기록 없이 끝낼까요?,구현,미검증,run-journey/R07.png,RunJourneyDesignTest#screens,
C01,챌린지 목표 달성,../01-screens/C01.png,app/src/main/java/com/stepup/android/ui/screens/walk/RunLive.kt (run-goal-reached) | route run,챌린지 목표 도달 → 챌린지 목표 도달 · 더 달리기/마치기,구현,미검증,run-journey/C01.png,RunJourneyDesignTest#screens,
C02,챌린지 중간 종료 결과,../01-screens/C02.png,app/src/main/java/com/stepup/android/ui/screens/walk/RunLive.kt (RunResultContent · run-result-note) | route run,목표 이전 종료 후 저장 성공 → 목표 전 종료 후 저장,구현,미검증,run-journey/C02.png,RunJourneyDesignTest#screens,
C03,지난 도전 목록,../01-screens/C03.png,app/src/main/java/com/stepup/android/ui/screens/walk/RunFlowScreens.kt (RunGoalHistoryScreen) | route run-goals/history,U02 지난 도전 → 지난 도전(폰에 남긴 도전 기록),구현,미검증,run-journey/C03.png,RunJourneyDesignTest#screens,
C04,1km 챌린지 진행,../01-screens/C04.png,app/src/main/java/com/stepup/android/ui/screens/walk/RunLive.kt (LiveHero.Distance) | route run,R01의 1km 도전 → RunPlan.Goal(1km) 진행 중,구현,미검증,run-journey/C04.png,RunJourneyDesignTest#screens,
C05,3km 챌린지 진행,../01-screens/C05.png,app/src/main/java/com/stepup/android/ui/screens/walk/RunLive.kt (LiveHero.Distance) | route run,R01의 3km 도전 → RunPlan.Goal(3km) 진행 중,구현,미검증,run-journey/C05.png,RunJourneyDesignTest#screens,
L01,위치 사용 안내,../01-screens/L01.png,app/src/main/java/com/stepup/android/ui/screens/walk/RunPermissionFlow.kt (LocationRationale · Sheet) | route run-start 위,위치가 필요한 시작 전 설명 → 위치 쓰기 전 안내,구현,미검증,onboarding-v1/s16-location-rationale.png,OnboardingDesignTest,
L02,위치 권한 꺼짐,../01-screens/L02.png,app/src/main/java/com/stepup/android/ui/screens/walk/RunPermissionFlow.kt (WithoutLocation · Page) | route run-start 위,앱 위치 권한 없음 → 앱 위치 권한 없음 — 설정 열기 · 시간만 기록,구현 — 주 버튼은 설정에서 위치 켜기(시안과 강조 반대),미검증,onboarding-v1/s18-without-location.png,OnboardingDesignTest,
L03,현재 위치 확인 중,../01-screens/L03.png,app/src/main/java/com/stepup/android/ui/screens/walk/RunCourseScreens.kt (CourseRecUi.Locating) | route run-course,위치 승인 후 위치 확인 → 추천 코스 전 지금 자리 확인 중 — 자리를 모르면 지도에 자리 없음,구현 — 자리를 모르면 지도 틀만(시안의 지도 예시 대신),미검증,run-journey/L03.png,RunJourneyDesignTest#states · #courseRec,
L04,러닝 중 위치 신호 끊김,../01-screens/L04.png,app/src/main/java/com/stepup/android/ui/screens/walk/WalkScreen.kt (run-gps-lost) | route run,진행 중 GPS 신호 손실 → 러닝 중 위치 신호 끊김 — 시간은 계속,구현,미검증,run-journey/L04.png,RunJourneyDesignTest#screens,서버 · attester 가 GPS 끊긴 구간을 직선 거리로 세지 않는지 확인 필요
K01,코스 찾는 중,../01-screens/K01.png,app/src/main/java/com/stepup/android/ui/screens/walk/RunCourseScreens.kt (CourseRecUi.Finding) | route run-course,추천 진입/다른 코스 요청 → 자리를 알고 코스를 찾는 중,구현 — 추천은 기기 · 게시판 코스 거리순,미검증,run-journey/K01.png,RunJourneyDesignTest#states · #courseRec,코스 추천 서버 API 없음
K02,다른 코스 추천 결과,../01-screens/K02.png,app/src/main/java/com/stepup/android/ui/screens/walk/RunCourseScreens.kt (CourseRecUi.Found · 다음 코스) | route run-course,다른 코스 추천 성공 → 다른 코스(2/2),구현 — 추천은 기기 · 게시판 코스 거리순,미검증,run-journey/K02.png,RunJourneyDesignTest#states,코스 추천 서버 API 없음
K03,추천 가능한 코스 없음,../01-screens/K03.png,app/src/main/java/com/stepup/android/ui/screens/walk/RunCourseScreens.kt (CourseRecUi.None) | route run-course,추천 결과 없음 → 가까운 코스 없음 — 다시 찾기 · 자유 러닝,구현,미검증,run-journey/K03.png,RunJourneyDesignTest#courseRec,
K04,추천 코스 러닝 중,../01-screens/K04.png,app/src/main/java/com/stepup/android/ui/screens/walk/RunLive.kt (코스 선 · run-goal-bar) | route run,추천 코스 러닝 시작/재개 → 고른 코스로 달리는 중,구현,미검증,run-journey/K04.png,RunJourneyDesignTest#courseRun,
K05,코스에서 벗어난 상태,../01-screens/K05.png,app/src/main/java/com/stepup/android/ui/screens/walk/RunLive.kt (run-course-off-map) | route run,추천 코스 이탈 → 코스 선에서 60m · 15초 넘게 벗어남,구현,미검증,run-journey/K05.png,RunJourneyDesignTest#courseRun,
K06,추천 코스 완료 결과,../01-screens/K06.png,app/src/main/java/com/stepup/android/ui/screens/walk/RunLive.kt (RunResultContent · 코스) | route run,추천 코스 종료 후 저장 성공 → 코스 러닝 결과,구현,미검증,run-journey/K06.png,RunJourneyDesignTest#courseRun,세션에 러닝 종류(코스 · 다이어트)가 저장되지 않음
K07,러닝 중 전체 지도,../01-screens/K07.png,app/src/main/java/com/stepup/android/ui/screens/walk/RunLive.kt (run-full-map) | route run,진행 중 지도 확대 → 러닝 중 전체 지도,구현,미검증,run-journey/K07.png,RunJourneyDesignTest#screens · #courseRun,
K08,자유 러닝 전환 확인,../01-screens/K08.png,app/src/main/java/com/stepup/android/ui/screens/walk/RunLive.kt (run-course-free-ok) | route run,코스 안내를 끄려는 요청 → 코스 안내 끄고 자유 러닝으로,구현,미검증,run-journey/K08.png,RunJourneyDesignTest#courseRun,
D01,몸 정보 숫자 입력,../01-screens/D01.png,app/src/main/java/com/stepup/android/ui/screens/walk/DietScreens.kt (BodyField · 휴대폰 숫자 자판) | route run-diet,U05/D06 입력칸 포커스 → 입력칸에 적는 중 — 완료,구현,미검증,run-journey/D01.png,RunJourneyDesignTest#diet,
D02,몸 정보 입력 오류,../01-screens/D02.png,app/src/main/java/com/stepup/android/ui/screens/walk/DietScreens.kt (diet-input-error) | route run-diet,몸 정보 검증 실패 → 비었거나 범위 밖,구현,미검증,run-journey/D02.png,RunJourneyDesignTest#diet,
D03,몸 정보 입력 취소 확인,../01-screens/D03.png,app/src/main/java/com/stepup/android/ui/screens/walk/DietScreens.kt (diet-leave-dialog) | route run-diet,변경 있는 몸 정보에서 뒤로 → 적던 중 뒤로,구현,미검증,run-journey/D03.png,RunJourneyDesignTest#diet,
D04,러닝 방법 준비 중,../01-screens/D04.png,app/src/main/java/com/stepup/android/ui/screens/walk/DietScreens.kt (DietPreparingContent) | route run-diet,유효한 몸 정보 제출 → 몸 정보 · 경험 저장 중,구현,미검증,run-journey/D04.png,RunJourneyDesignTest#states,추천 서버 없음 — 이 폰 저장만(D04 · D05 는 로컬 저장의 진행 · 실패)
D05,러닝 방법 추천 실패,../01-screens/D05.png,app/src/main/java/com/stepup/android/ui/screens/walk/DietScreens.kt (DietFailedContent) | route run-diet,추천 실패 → 저장 실패 — 입력은 그대로,구현,미검증,run-journey/D05.png,RunJourneyDesignTest#states,추천 서버 없음 — 이 폰 저장만
D06,몸 정보와 경험 수정,../01-screens/D06.png,app/src/main/java/com/stepup/android/ui/screens/walk/DietScreens.kt (editing = true) | route run-diet/edit,U06 몸 정보 수정 → U06 의 몸 정보 수정,구현 — 경험 줄마다 짧은 설명 유지,미검증,run-journey/D06.png,RunJourneyDesignTest#diet,
D07,준비 걷기 · 3분,../01-screens/D07.png,app/src/main/java/com/stepup/android/ui/screens/walk/RunLive.kt (diet · 준비 걷기) | route run,루틴 시작 준비 걷기 → 루틴 0~3분,구현,미검증,run-journey/D07.png,RunJourneyDesignTest#screens,
D08,러닝 구간 · 1분,../01-screens/D08.png,app/src/main/java/com/stepup/android/ui/screens/walk/RunLive.kt (diet · 러닝 구간) | route run,루틴의 러닝 구간 → 1분 러닝,구현,미검증,run-journey/D08.png,RunJourneyDesignTest#screens,
D09,걷기 구간 · 2분,../01-screens/D09.png,app/src/main/java/com/stepup/android/ui/screens/walk/RunLive.kt (diet · 걷기 구간) | route run,루틴의 걷기 구간 → 2분 걷기,구현,미검증,run-journey/D09.png,RunJourneyDesignTest#screens,
D11,마무리 걷기 · 3분,../01-screens/D11.png,app/src/main/java/com/stepup/android/ui/screens/walk/RunLive.kt (diet · 마무리 걷기) | route run,반복 3회 종료 → 마지막 3분,구현,미검증,run-journey/D11.png,RunJourneyDesignTest#screens,
D10,15분 루틴 완료 · 저장 전,../01-screens/D10.png,app/src/main/java/com/stepup/android/ui/screens/walk/RunLive.kt (run-diet-done) | route run,루틴이 끝났으나 저장 전 → 15분 끝 · 저장 전,구현,미검증,run-journey/D10.png,RunJourneyDesignTest#screens,
D12,다이어트 모드 일시정지,../01-screens/D12.png,app/src/main/java/com/stepup/android/ui/screens/walk/RunLive.kt (diet · paused) | route run,다이어트 루틴 일시정지 → 다이어트 루틴 일시정지,구현,미검증,run-journey/D12.png,RunJourneyDesignTest#screens,
D13,다이어트 중간 종료 결과,../01-screens/D13.png,app/src/main/java/com/stepup/android/ui/screens/walk/RunLive.kt (RunResultContent · 다이어트 중간 종료) | route run,다이어트 중간 종료 저장 성공 → 루틴 중간 종료 후 저장,구현,미검증,run-journey/D13.png,RunJourneyDesignTest#screens,세션에 러닝 종류가 저장되지 않음
S01,러닝 기록 저장 실패,../01-screens/S01.png,app/src/main/java/com/stepup/android/ui/screens/walk/WalkScreen.kt (run-save-failed-dialog) | route run,실제 저장 실패 → 저장 실패 — 기록은 화면에 남고 같은 러닝으로 다시 저장,구현,미검증,run-journey/S01.png,RunJourneyDesignTest#screens,
S02,다이어트 기록 저장 완료,../01-screens/S02.png,app/src/main/java/com/stepup/android/ui/screens/walk/RunLive.kt (RunResultContent · 다이어트 완료) | route run,15분 루틴 저장 성공 → 15분 루틴 저장,구현,미검증,run-journey/S02.png,RunJourneyDesignTest#screens,
H01,내 러닝 기록 · 이번 달,../01-screens/H01.png,app/src/main/java/com/stepup/android/ui/screens/records/RecordsScreen.kt | route records,내 러닝 기록 진입 → 이번 달 목록,구현,미검증,running-records/01-record-list.png,RecordsDesignTest,
H02,내 러닝 기록 · 전체 기간,../01-screens/H02.png,app/src/main/java/com/stepup/android/ui/screens/records/RecordsScreen.kt (전체 기간) | route records,전체 기간 선택 적용 → 전체 기간 — 합계도 전체 기간,구현,미검증,running-records/02-all-records.png,RecordsDesignTest,
H03,기록 기간 선택,../01-screens/H03.png,app/src/main/java/com/stepup/android/ui/screens/records/RecordsScreen.kt (PeriodSheet) | route records,목록 기간 선택 → 기간 고르기,구현 — 첫 기록이 있는 달부터만,미검증,running-records/03-period-sheet.png,RecordsDesignTest,
H04,주간 러닝 통계,../01-screens/H04.png,app/src/main/java/com/stepup/android/ui/screens/records/RecordStatsScreen.kt (주간) | route records/stats,주간 통계 → 주간 통계(사용자 시간대),구현 — 시간 · 페이스와 걸음 통계 줄 유지,미검증,running-records/04-week-statistics.png,RecordsDesignTest,
H05,주간 통계 · 날짜 선택,../01-screens/H05.png,app/src/main/java/com/stepup/android/ui/screens/records/RecordStatsScreen.kt (날짜 선택) | route records/stats,주간 통계의 특정 날짜 → 주간 · 날짜 고름,구현,미검증,running-records/05-week-selected-day.png,RecordsDesignTest,
H06,월간 러닝 통계,../01-screens/H06.png,app/src/main/java/com/stepup/android/ui/screens/records/RecordStatsScreen.kt (월간) | route records/stats,월간 통계 → 월간 통계,구현 — 시간 · 페이스와 걸음 통계 줄 유지,미검증,running-records/06-month-statistics.png,RecordsDesignTest,
H07,처음 이용 · 러닝 기록 없음,../01-screens/H07.png,app/src/main/java/com/stepup/android/ui/screens/records/RecordsScreen.kt (records-empty) | route records,첫 러닝 기록 없음 → 첫 기록 없음,구현,미검증,running-records/s07-first-empty.png,RecordsDesignTest,
H08,선택 기간 기록 없음,../01-screens/H08.png,app/src/main/java/com/stepup/android/ui/screens/records/RecordsScreen.kt (records-period-empty) | route records,선택 기간 기록 없음 → 고른 기간에 기록 없음,구현,미검증,running-records/s08-period-empty.png,RecordsDesignTest,
H09,러닝 기록 불러오는 중,../01-screens/H09.png,app/src/main/java/com/stepup/android/ui/screens/records/RecordsScreen.kt (records-loading) | route records,기록 조회 중 → 불러오는 중,구현,미검증,running-records/s09-loading.png,RecordsDesignTest,
H10,러닝 기록 불러오기 실패,../01-screens/H10.png,app/src/main/java/com/stepup/android/ui/screens/records/RecordsScreen.kt (records-failed) | route records,기록 조회 실패 → 불러오기 실패,구현,미검증,running-records/s10-load-error.png,RecordsDesignTest,
H11,지난 러닝 기록 상세,../01-screens/H11.png,app/src/main/java/com/stepup/android/ui/screens/records/RunRecordScreen.kt | route records/run/{id},GPS 있는 과거 기록 선택 → GPS 있는 지난 기록,구현 — 러닝 종류 부제는 아는 때만,미검증,running-records/11-run-detail.png,RecordsDesignTest,
H12,저장된 경로 확대,../01-screens/H12.png,app/src/main/java/com/stepup/android/ui/screens/records/RunRouteMapScreen.kt | route records/run/{id}/map,과거 기록 지도 확대 → 저장 경로 확대(실제 타일),구현,미검증,running-records/12-route-expanded.png,RecordsDesignTest,
H13,GPS 없이 저장한 러닝 상세,../01-screens/H13.png,app/src/main/java/com/stepup/android/ui/screens/records/RunRecordScreen.kt (경로 없음) | route records/run/{id},위치 없이 저장된 과거 기록 → 위치 없이 저장한 기록,구현,미검증,running-records/13-no-gps-detail.png,RecordsDesignTest,
H14,지난 러닝 삭제 확인,../01-screens/H14.png,app/src/main/java/com/stepup/android/ui/screens/records/RunRecordScreen.kt (run-delete-sheet) | route records/run/{id},과거 기록 삭제 확인 → 지난 기록 삭제 확인,구현,미검증,running-records/14-delete-confirm.png,RecordsDesignTest,
H15,아직 통계가 없는 상태,../01-screens/H15.png,app/src/main/java/com/stepup/android/ui/screens/records/RecordStatsScreen.kt (stats-empty) | route records/stats,집계 가능한 통계 없음 → 아직 통계 없음,구현,미검증,running-records/s15-statistics-empty.png,RecordsDesignTest,
H16,기록 삭제 실패,../01-screens/H16.png,app/src/main/java/com/stepup/android/ui/screens/records/RunRecordScreen.kt (삭제 실패) | route records/run/{id},기록 삭제 실패 → 삭제 실패,구현,미검증,running-records/16-delete-error.png,RecordsDesignTest,
CR02,크루 · 준비 중인 방,../01-screens/CR02.png,— | route run-crew,소속 크루에 준비 중인 방 있음 → 소속 크루에 준비 중인 방(보기 전용),미구현 — 서버 API 없음,해당 없음(미구현),,,보기 전용 방 조회 API 없음 — PartyApi.open 은 방을 만들고 들어가므로 미리보기에 쓰지 않는다
CR03,크루 · 대기실 없음,../01-screens/CR03.png,app/src/main/java/com/stepup/android/ui/screens/walk/CrewRunScreens.kt (CrewRunEntryContent · Ready) | route run-crew,소속 크루에 대기실 없음 → 고른 크루 · 대기실 없음 — 대기실 열기,구현,미검증,run-journey/CR03.png,RunJourneyDesignTest#crew,일정 · 목표 거리 · 모임 장소 · 코스가 party_state 에 없음
CR04,크루 · 크루원 준비 전,../01-screens/CR04.png,app/src/main/java/com/stepup/android/ui/screens/community/PartyLobbyScreen.kt (PartyLobbyContent) | route lobby/{crewId},일반 참가자 대기실 준비 전 → 크루원 준비 전,구현,미검증,run-journey/CR04.png,RunJourneyDesignTest#crew,
CR05,크루 · 크루원 준비 완료,../01-screens/CR05.png,app/src/main/java/com/stepup/android/ui/screens/community/PartyLobbyScreen.kt | route lobby/{crewId},일반 참가자 준비 완료 → 크루원 준비 완료,구현,미검증,run-journey/CR05.png,RunJourneyDesignTest#crew,
CR06,크루 · 진행자 화면,../01-screens/CR06.png,app/src/main/java/com/stepup/android/ui/screens/community/PartyLobbyScreen.kt | route lobby/{crewId},진행자 대기실 → 진행자,구현,미검증,run-journey/CR06.png,RunJourneyDesignTest#crew,
CR07,크루 · 준비 인원 출발 확인,../01-screens/CR07.png,app/src/main/java/com/stepup/android/ui/screens/walk/CrewRunScreens.kt (CrewStartConfirmSheet) | route lobby/{crewId},미준비 인원을 남기고 출발 → 준비 안 된 사람을 두고 출발,구현,미검증,run-journey/CR07.png,RunJourneyDesignTest#crew,
CR08,크루 · 동시 출발 카운트다운,../01-screens/CR08.png,app/src/main/java/com/stepup/android/ui/screens/walk/RunStartOverlays.kt (RunCountdownStage) · PartyLobbyScreen.kt | route lobby/{crewId},서버 출발 시각 확정 → 서버 출발 시각 · 명단으로 3-2-1,구현,미검증,run-journey/CR08.png,RunJourneyDesignTest#crew,
CR09,크루 · 함께 달리는 중,../01-screens/CR09.png,app/src/main/java/com/stepup/android/ui/screens/walk/RunLive.kt (TogetherRow) | route run,크루 러닝 진행 → 함께 달리는 중,구현,미검증,run-journey/CR09.png,RunJourneyDesignTest#crew,
CR10,크루 · 함께 달리는 사람,../01-screens/CR10.png,app/src/main/java/com/stepup/android/ui/screens/walk/WalkScreen.kt (TogetherSheetContent) | route run,참가자 상태 목록 → 참가자 목록,구현,미검증,run-journey/CR10.png,RunJourneyDesignTest#crew,사람마다 일시정지 상태가 서버에 없음
CR11,크루 · 내 러닝 일시정지,../01-screens/CR11.png,app/src/main/java/com/stepup/android/ui/screens/walk/RunLive.kt (paused · crew) | route run,내 크루 러닝 일시정지 → 내 크루 러닝 일시정지,구현,미검증,run-journey/CR11.png,RunJourneyDesignTest#crew,
CR12,크루 · 내 러닝 종료 확인,../01-screens/CR12.png,app/src/main/java/com/stepup/android/ui/screens/walk/WalkScreen.kt (run-end-dialog · crew) | route run,내 크루 러닝 종료 확인 → 내 크루 러닝 마치기 확인,구현,미검증,run-journey/CR12.png,RunJourneyDesignTest#crew,
CR13,크루 · 러닝 결과,../01-screens/CR13.png,app/src/main/java/com/stepup/android/ui/screens/walk/RunLive.kt (RunResultContent · crew) | route run,내 크루 러닝 저장 성공 → 크루 러닝 결과,구현,미검증,run-journey/CR13.png,RunJourneyDesignTest#crew,
CR14,크루 · 가입한 크루 없음,../01-screens/CR14.png,app/src/main/java/com/stepup/android/ui/screens/walk/CrewRunScreens.kt (CrewEntryUi.NoCrew) | route run-crew,가입 크루 없음 → 가입한 크루 없음,구현,미검증,run-journey/CR14.png,RunJourneyDesignTest#crew,
CR15,크루 · 혼자 대기 중,../01-screens/CR15.png,app/src/main/java/com/stepup/android/ui/screens/community/PartyLobbyScreen.kt (party-alone) | route lobby/{crewId},대기실에 나만 있음 → 대기실에 나만,구현,미검증,run-journey/CR15.png,RunJourneyDesignTest#crew,
CR16,크루 · 이미 출발한 러닝,../01-screens/CR16.png,— | route run-crew,출발한 방에 신규 진입 → 이미 출발한 방에 새로 들어옴,미구현 — 서버 API 없음,해당 없음(미구현),,,보기 전용 방 조회 API 없음 — 늦게 들어오면 party_open 이 새 방을 만든다(늦은 합류 없음)
CR17,크루 · 준비 전 권한 안내,../01-screens/CR17.png,app/src/main/java/com/stepup/android/ui/screens/walk/CrewRunScreens.kt (CrewReadyCheckSheet) | route lobby/{crewId},준비 전 필요한 위치 안내 → 준비 전 위치 · 공유 안내(공유는 처음에 꺼짐),구현,미검증,run-journey/CR17.png,RunJourneyDesignTest#crew,
CR18,크루 · 러닝 중 연결 끊김,../01-screens/CR18.png,app/src/main/java/com/stepup/android/ui/screens/walk/WalkScreen.kt (party.networkProblem) | route run,크루 실시간 연결 손실 → 크루 실시간 연결 끊김 — 내 기록은 계속,구현,미검증,run-journey/CR18.png,RunJourneyDesignTest#crew,
CR19,크루 · 내 크루 선택,../01-screens/CR19.png,app/src/main/java/com/stepup/android/ui/screens/walk/CrewRunScreens.kt (CrewPickSheet) | route run-crew,소속 크루 변경 → 소속 크루 바꾸기,구현,미검증,run-journey/CR19.png,RunJourneyDesignTest#crew,
CR20,크루 · 크루에게 알리기,../01-screens/CR20.png,app/src/main/java/com/stepup/android/ui/screens/walk/CrewRunScreens.kt (CrewNotifySheet) | route lobby/{crewId},대기실 알리기 → 크루에게 알리기 — 미리보기 후 보내기,구현,미검증,run-journey/CR20.png,RunJourneyDesignTest#crew,크루 채팅 바로가기(딥링크) 없음
CR21,크루 · 기록 공유 전 확인,../01-screens/CR21.png,app/src/main/java/com/stepup/android/ui/screens/walk/CrewRunScreens.kt (CrewShareScreen) | route run,크루 기록 공유 → 크루 기록 공유 — 미리보기 후 보내기 · 경로 끄면 지도 없음,구현,미검증,run-journey/CR21.png · run-journey/CR21-app.png,RunJourneyDesignTest#crew,
P01,신체 활동 권한 안내,../01-screens/P01.png,app/src/main/java/com/stepup/android/ui/screens/walk/RunPermissionFlow.kt (ActivityRationale · Card) | route run-start 위,신체 활동 권한 설명 필요 → 신체 활동 권한 안내,구현 — 닫기 X 없음(뒤로 가기로 닫음),미검증,onboarding-v1/s13-activity-rationale.png,OnboardingDesignTest,
P02,신체 활동 권한 거절,../01-screens/P02.png,app/src/main/java/com/stepup/android/ui/screens/walk/RunPermissionFlow.kt (ActivityDenied · Page) | route run-start 위,재요청 가능한 활동 권한 거절 → 다시 물을 수 있는 거절,구현,미검증,onboarding-v1/s14-activity-denied.png,OnboardingDesignTest,
P03,신체 활동 설정 이동,../01-screens/P03.png,app/src/main/java/com/stepup/android/ui/screens/walk/RunPermissionFlow.kt (ActivitySettings · Page) | route run-start 위,설정 이동 필요한 활동 권한 거절 → 설정에서 켜야 하는 거절,구현,미검증,onboarding-v1/s15-activity-settings.png,OnboardingDesignTest,
P04,대략적 위치 안내,../01-screens/P04.png,app/src/main/java/com/stepup/android/ui/screens/walk/RunPermissionFlow.kt (ApproximateLocation · Page) | route run-start 위,대략적 위치만 허용 → 대략적인 위치만,구현,미검증,onboarding-v1/s17-approximate-location.png,OnboardingDesignTest,
P05,알림 권한 안내,../01-screens/P05.png,app/src/main/java/com/stepup/android/ui/screens/walk/RunPermissionFlow.kt (NotificationRationale · Page) | route run-start 위,러닝 알림 권한 설명 필요 → 러닝 알림 안내,구현,미검증,onboarding-v1/s19-notification-rationale.png,OnboardingDesignTest,
E01,오늘 걸음 상세,../01-screens/E01.png,app/src/main/java/com/stepup/android/ui/screens/home/HomeScreen.kt (home-details) | route home,HOME의 오늘 활동 → 오늘 걸음 상세 시트,구현,미검증,run-journey/E01.png,RunJourneyDesignTest#screens,
E02,러닝 거리 목표 수정,../01-screens/E02.png,app/src/main/java/com/stepup/android/ui/screens/walk/RunLive.kt (run-goal-value) | route run,정지 중 목표 수정 또는 E03 수정 → 멈춘 채 목표 수정,구현,미검증,run-journey/E02.png,RunJourneyDesignTest#screens,
E03,러닝 상세 정보 시트,../01-screens/E03.png,app/src/main/java/com/stepup/android/ui/screens/walk/RunLive.kt (run-details) | route run,진행 화면 상세 보기 → 러닝 상세 정보 시트,구현,미검증,run-journey/E03.png,RunJourneyDesignTest#screens,
E04,러닝 기록 저장 중,../01-screens/E04.png,app/src/main/java/com/stepup/android/ui/screens/walk/RunLive.kt (run-saving) | route run,종료/완료 후 저장 요청 중 → 저장 중,구현,미검증,run-journey/E04.png,RunJourneyDesignTest#screens,
E05,러닝 결과 공유 미리보기,../01-screens/E05.png,app/src/main/java/com/stepup/android/ui/screens/walk/RunLive.kt (RunSharePreviewContent) | route run,러닝 결과 공유하기 → 공유 미리보기 — 경로 포함은 처음에 꺼짐(지도 없음),구현,미검증,run-journey/E05.png · run-journey/E05b-route.png,RunJourneyDesignTest#screens,
E06,측정 확인 안내,../01-screens/E06.png,app/src/main/java/com/stepup/android/ui/screens/walk/RunJourney.kt/WalkScreen.kt (run-speed-banner · run-void-banner) | route run,측정 정확성 확인 상태 → 측정 확인 필요 구간 · 가짜 위치,구현,미검증,run-journey/E06.png · run-journey/E06b-void.png,RunJourneyDesignTest#screens,
E07,기기 위치 기능 꺼짐,../01-screens/E07.png,app/src/main/java/com/stepup/android/ui/screens/walk/RunStartOverlays.kt (RunLocationOffContent) | route run?start=true,기기 위치 기능 꺼짐 → 앱 권한은 있는데 휴대폰 위치 기능 꺼짐 — 지도 없음,구현,미검증,run-journey/E07.png,RunJourneyDesignTest#states,
E08,결과 · 보상 제외 안내,../01-screens/E08.png,app/src/main/java/com/stepup/android/ui/screens/walk/RunLive.kt (Settle.VOID) | route run,저장 완료 결과의 VOID → 보상 제외 · 까닭,구현,미검증,run-journey/E08.png · run-journey/E08b-reason.png,RunJourneyDesignTest#screens,
E09,결과 · 미지급 안내,../01-screens/E09.png,app/src/main/java/com/stepup/android/ui/screens/walk/RunLive.kt (Settle.NOT_PAID) | route run,저장 완료 결과의 NOT_PAID → 미지급(걸음 0 · 서버 거절),구현,미검증,run-journey/E09.png,RunJourneyDesignTest#screens,
K09,저장 코스 목록,../01-screens/K09.png,app/src/main/java/com/stepup/android/ui/screens/walk/CourseHubScreen.kt (코스 선택) | route courses,저장 코스 관리 진입 → 저장 코스 목록,구현,미검증,run-journey/K09.png,RunJourneyDesignTest#courseHub,
K10,코스 만들기,../01-screens/K10.png,app/src/main/java/com/stepup/android/ui/screens/walk/CourseHubScreen.kt (코스 만들기) | route courses,코스 만들기 메뉴 → 코스 만들기(마지막 GPS 트랙),구현,미검증,run-journey/K10.png,RunJourneyDesignTest#courseHub,
K11,공유 코스 게시판,../01-screens/K11.png,app/src/main/java/com/stepup/android/ui/screens/walk/CourseHubScreen.kt (코스 게시판) | route courses,공유 코스 게시판 → 공유 코스 게시판,구현,미검증,run-journey/K11.png,RunJourneyDesignTest#courseHub,
K12,코스 순위,../01-screens/K12.png,app/src/main/java/com/stepup/android/ui/screens/walk/CourseHubScreen.kt (course-ranking) | route courses,코스의 순위 보기 → 코스 순위,구현,미검증,run-journey/K12.png,RunJourneyDesignTest#courseHub,
K13,코스 적용 확인,../01-screens/K13.png,app/src/main/java/com/stepup/android/ui/screens/walk/CourseHubScreen.kt (course-apply-sheet) | route courses,적용할 코스 선택 → 코스 고르기 확인,구현,미검증,run-journey/K13.png,RunJourneyDesignTest#courseHub,
K14,선택 코스 해제 확인,../01-screens/K14.png,app/src/main/java/com/stepup/android/ui/screens/walk/CourseHubScreen.kt (course-clear-sheet) | route courses,선택된 코스 해제 → 고른 코스 풀기 확인,구현,미검증,run-journey/K14.png,RunJourneyDesignTest#courseHub,
K15,달린 코스 저장,../01-screens/K15.png,app/src/main/java/com/stepup/android/ui/screens/walk/WalkScreen.kt (course-save-sheet) | route run,실제 달린 경로 코스 저장 → 달린 코스 저장,구현 — '저장 안 함' 유지,미검증,run-journey/K15.png,RunJourneyDesignTest#courseRun,
K16,공유할 코스 선택,../01-screens/K16.png,app/src/main/java/com/stepup/android/ui/screens/walk/CourseHubScreen.kt (course-upload-sheet) | route courses,내 코스 올리기 → 공유할 내 코스 고르기,구현,미검증,run-journey/K16.png,RunJourneyDesignTest#courseHub,
K17,공유 코스 없음,../01-screens/K17.png,app/src/main/java/com/stepup/android/ui/screens/walk/CourseHubScreen.kt (BoardEmpty) | route courses,공유 코스가 실제로 없음 → 공유 코스 없음,구현,미검증,run-journey/K17.png,RunJourneyDesignTest#states,
K18,공유 코스 불러오기 실패,../01-screens/K18.png,app/src/main/java/com/stepup/android/ui/screens/walk/CourseHubScreen.kt (BoardFailed) | route courses,공유 코스 조회 실패 → 공유 코스 불러오기 실패,구현,미검증,run-journey/K18.png,RunJourneyDesignTest#states,
E10,결과 · 보상 확인 중,../01-screens/E10.png,app/src/main/java/com/stepup/android/ui/screens/walk/RunLive.kt (Settle.PENDING) | route run,저장됐고 보상은 PENDING → 저장됨 · 보상 확인 중(예상 금액),구현,미검증,run-journey/E10.png,RunJourneyDesignTest#screens,
E11,결과 · 보상 반영 완료,../01-screens/E11.png,app/src/main/java/com/stepup/android/ui/screens/walk/RunLive.kt (Settle.DONE) | route run,저장됐고 보상이 DONE → 서버가 확인한 금액,구현,미검증,run-journey/E11.png,RunJourneyDesignTest#screens,
SHOES,기존 신발탭 색감 적용,reference/shoes-blue.png,app/src/main/java/com/stepup/android/ui/screens/customize/CustomizeScreen.kt · ui/components/SneakerImage.kt | route customize (Screen.Customize),기존 구조·보관함·능력치·선택/착용 유지 → 구조 그대로 · 색감과 조명만,구현 — 바탕은 러닝과 같은 남색 RunBackdrop,미검증,my-shoes/01-my-shoes-390x844.png · my-shoes/02-vault-390x844.png,MyShoesDesignTest,
