현재 화면,행동,다음 화면,동작 기준
"U01","자유 러닝","R01","설정 없이 카운트다운 후 자유 러닝 시작"
"U01","러닝 챌린지","U02","준비된 도전 표시"
"U01","추천 코스","L01","권한이 이미 있으면 L03으로 바로 이동"
"U01","다이어트 모드","U05","저장된 입력 정보가 있으면 재사용 가능"
"U02","10분 / 1km / 3km 시작","R01","선택된 목표를 유지하고 U03 / C04 / C05로 연결"
"U02","지난 도전","C03","기록이 없으면 기존 빈 상태, 있으면 상세 목록"
"R01","3·2·1 완료","R02","자유 러닝. 챌린지는 U03·C04·C05, 코스는 K04, 다이어트는 D07"
"R01","시작 취소","U01","챌린지·코스·다이어트에서 열었으면 해당 시작 전 화면으로 복귀"
"R02","일시정지 / 종료하기","R03","종료하기는 R04. 일시정지 중 시간·거리 증가 중지"
"R03","다시 달리기","R02","진입한 모드와 누적 기록을 그대로 복원"
"R03","종료하기","R04","기록을 버리지 않고 종료 여부 확인"
"R04","계속 달리기","R02","확인 모달을 닫고 해당 운동 모드로 재개"
"R04","저장하고 마치기","R05","저장 성공 후 결과 표시. 실패하면 S01; 미달성 챌린지는 C02, 중간 종료 다이어트는 D13"
"R04","기록 없이 끝내기","R07","저장 없이 끝내기 전에 한 번 더 확인"
"R07","돌아가기","R04","누적 운동 기록을 유지"
"R07","저장 없이 끝내기","U01","세션 종료. 저장 성공 메시지를 표시하지 않음"
"R05","처음 화면으로","U01","이 시안의 처음 화면은 러닝 시작 메뉴"
"R05","기록 삭제","R06","이미 저장된 기록의 삭제 확인"
"R06","취소","R05","기록 유지"
"R06","삭제하기","U01","삭제 성공 후 복귀. 실패 시 현재 화면에서 재시도 안내"
"U03","일시정지 / 종료하기","R03","종료는 R04. 공통 모달은 현재 챌린지 제목과 값을 사용"
"C04","일시정지 / 종료하기","R03","종료는 R04. 거리 목표 단위를 km로 유지"
"C05","일시정지 / 종료하기","R03","종료는 R04. 거리 목표 단위를 km로 유지"
"U03","시간 목표 달성","C01","C04·C05도 거리 목표 달성 시 동일한 달성 시트를 재사용"
"C01","계속 달리기","U03","해당 목표 화면으로 복귀. 달성 상태는 유지하고 운동을 계속 기록"
"C01","저장하고 마치기","R05","완료한 챌린지 정보를 포함하여 저장; 실패 시 S01"
"C02","챌린지로 돌아가기","U02","도전 미달성 상태와 별개로 실제 운동 기록은 유지"
"C03","기록 항목 펼치기 / 접기","C03","목록 안에서 상세 시간·거리 표시"
"C03","챌린지로 돌아가기","U02","목록 복귀"
"L01","위치 허용하기","L03","운영체제 권한 요청을 먼저 실행. 거부 시 L02"
"L01","나중에 / 닫기","U01","위치 요청 취소"
"L02","설정 열기","L03","운영체제 설정에서 돌아온 뒤 권한 재확인. 미허용 시 L02 유지"
"L02","자유 러닝 시작","R01","위치 미허용이면 시간만 기록. 거리·페이스는 측정 불가로 표시"
"L03","위치 확인 성공","K01","현재 위치를 출발·도착으로 코스 검색"
"L03","취소","U01","위치 확인 중단"
"K01","검색 성공","U04","재추천일 때는 K02. 결과 없음·연결 실패 시 K03"
"K01","취소","U01","이전 추천이 있으면 그 결과 화면으로 복귀"
"U04","이 코스로 시작","R01","현재 위치가 출발점. 카운트다운 후 K04"
"U04","다른 코스 추천","K01","같은 현재 위치 기준으로 다른 코스 검색"
"K02","이 코스로 시작 / 다른 코스 추천","R01","다른 코스 추천은 K01로 이동"
"K03","다시 찾기","L03","위치와 연결을 재확인"
"K03","자유 러닝 시작","R01","권한이 없으면 시간만 기록"
"K04","일시정지 / 종료하기","R03","모드를 유지한 공통 일시정지. 종료는 R04"
"K04","코스 이탈 감지","K05","안내만 표시하고 기록은 유지"
"K04","코스 완주 후 저장 성공","K06","저장 완료 전에는 완료 메시지를 표시하지 않음. 실패는 S01"
"K05","지도 크게 보기","K07","전체 지도로 확대"
"K05","자유 러닝으로 전환","K08","기록 유지 여부를 확인"
"K07","닫기","K04","운동 화면으로 복귀"
"K07","내 위치","K07","현재 위치로 지도를 다시 맞춤"
"K08","전환하기","R02","세션 시간·거리는 유지하고 코스 안내만 종료"
"K08","취소","K05","코스 러닝 유지"
"K06","처음 화면으로","U01","저장된 완주 결과에서 복귀"
"K04","위치 신호 끊김","L04","시간은 유지하고 신뢰할 수 없는 거리 증가는 중단"
"L04","위치 다시 확인","K04","복구 시 코스 복귀. 실패하면 L04 유지"
"L04","시간만 기록하기","R02","안내를 종료하고 시간 기록으로 전환; 누적 기록은 유지"
"U05","키 / 몸무게 입력","D01","각 항목에 맞는 숫자 키패드. 완료를 누르면 키보드 닫힘"
"U05","러닝 경험 버튼","U05","한 항목 선택. 화살표 대신 체크 상태로 표현"
"U05","러닝 방법 추천받기","D04","미입력·형식 오류는 D02. 입력값을 지우지 않고 해당 칸 아래 안내"
"D01","완료","U05","입력값을 유지하고 키보드만 닫음"
"D02","수정 후 추천받기","D04","재검증 성공 시 추천 준비"
"U05","작성 중 뒤로가기","D03","변경 사항이 없으면 바로 U01"
"D03","계속 입력하기 / 닫기","U05","수정 화면에서 열렸다면 D06 복귀"
"D03","나가기","U01","수정 화면에서 열렸다면 기존 U06으로 복귀"
"D04","추천 완료","U06","실패 시 D05. 숫자만으로 운동 강도를 단정하지 않음"
"D04","취소","U05","입력 보존"
"D05","다시 시도","D04","동일 입력으로 재시도"
"D05","입력 화면으로","U05","입력 보존"
"U06","몸 정보·경험 수정","D06","기존 값을 불러와 수정; 시안의 빈 값은 개인정보 대신 표시한 예시"
"D06","수정하고 다시 추천","D04","미입력·잘못된 숫자는 D02 패턴"
"D06","취소","U06","변경 전 추천 유지. 변경 중이라면 D03 먼저 표시"
"U06","이 방법으로 시작","R01","추천된 루틴을 유지하고 카운트다운 후 D07"
"D07","준비 걷기 완료","D08","준비 걷기 3분 뒤 러닝 시작"
"D08","러닝 1분 완료","D09","걷기 2분으로 자동 전환"
"D09","걷기 완료","D08","3회 반복 전에는 러닝으로 복귀. 3회 완료 후 D11"
"D11","마무리 걷기 완료","D10","마무리 걷기 3분. 총 15분 종료"
"D07","일시정지 / 종료하기","D12","D08·D09·D11에도 적용. 종료는 R04"
"D12","이어서 시작","D08","실제로는 일시정지한 원래 구간·남은 시간을 복원"
"D12","종료하기","R04","일부만 진행한 경우 저장 후 D13"
"D13","처음 화면으로","U01","실제 진행한 시간만 기록"
"D13","같은 방법 다시 하기","U06","즉시 재시작하지 않고 추천 내용을 다시 확인"
"D10","기록 저장하고 마치기","S02","저장 중에는 버튼에 저장 중… 표시 및 중복 탭 방지. 실패 시 S01"
"S01","다시 저장","S02","성공한 모드별 결과로 이동: R05·C02·K06·D13·S02"
"S01","화면에 머무르기","D10","실제로는 저장 전 원래 결과 화면으로 복귀. 측정 기록 보존"
"S02","처음 화면으로","U01","완료"
"S02","같은 방법 다시 하기","U06","같은 추천 내용을 다시 확인"