ID,화면 이름,SVG 파일
"U01","U01 · 시작 메뉴","screens-svg/U01.svg"
"U02","U02 · 챌린지 목록","screens-svg/U02.svg"
"U03","U03 · 10분 챌린지 진행","screens-svg/U03.svg"
"U04","U04 · 내 위치 기준 추천 코스","screens-svg/U04.svg"
"U05","U05 · 다이어트 모드 입력","screens-svg/U05.svg"
"U06","U06 · 러닝 방법 추천","screens-svg/U06.svg"
"R01","R01 · 시작 카운트다운","screens-svg/R01.svg"
"R02","R02 · 자유 러닝 진행","screens-svg/R02.svg"
"R03","R03 · 일시정지","screens-svg/R03.svg"
"R04","R04 · 종료 확인","screens-svg/R04.svg"
"R05","R05 · 러닝 결과","screens-svg/R05.svg"
"R06","R06 · 기록 삭제 확인","screens-svg/R06.svg"
"R07","R07 · 기록 없이 종료 확인","screens-svg/R07.svg"
"C01","C01 · 목표 달성","screens-svg/C01.svg"
"C02","C02 · 중간 종료 결과","screens-svg/C02.svg"
"C03","C03 · 지난 도전 상세","screens-svg/C03.svg"
"C04","C04 · 1km 러닝 진행","screens-svg/C04.svg"
"C05","C05 · 3km 러닝 진행","screens-svg/C05.svg"
"L01","L01 · 위치 사용 안내","screens-svg/L01.svg"
"L02","L02 · 위치 권한 꺼짐","screens-svg/L02.svg"
"L03","L03 · 위치 확인 중","screens-svg/L03.svg"
"L04","L04 · 위치 신호 끊김","screens-svg/L04.svg"
"K01","K01 · 코스 찾는 중","screens-svg/K01.svg"
"K02","K02 · 다른 코스 추천","screens-svg/K02.svg"
"K03","K03 · 추천 가능한 코스 없음","screens-svg/K03.svg"
"K04","K04 · 코스 러닝 중","screens-svg/K04.svg"
"K05","K05 · 코스 이탈 안내","screens-svg/K05.svg"
"K06","K06 · 코스 완료","screens-svg/K06.svg"
"K07","K07 · 전체 지도","screens-svg/K07.svg"
"K08","K08 · 자유 러닝 전환 확인","screens-svg/K08.svg"
"D01","D01 · 숫자 입력","screens-svg/D01.svg"
"D02","D02 · 입력 확인","screens-svg/D02.svg"
"D03","D03 · 입력 취소 확인","screens-svg/D03.svg"
"D04","D04 · 러닝 방법 준비","screens-svg/D04.svg"
"D05","D05 · 추천 실패","screens-svg/D05.svg"
"D06","D06 · 몸 정보·경험 수정","screens-svg/D06.svg"
"D07","D07 · 준비 걷기","screens-svg/D07.svg"
"D08","D08 · 러닝 구간","screens-svg/D08.svg"
"D09","D09 · 걷기 구간","screens-svg/D09.svg"
"D11","D11 · 마무리 걷기","screens-svg/D11.svg"
"D10","D10 · 루틴 완료","screens-svg/D10.svg"
"D12","D12 · 다이어트 일시정지","screens-svg/D12.svg"
"D13","D13 · 중간 종료 결과","screens-svg/D13.svg"
"S01","S01 · 기록 저장 실패","screens-svg/S01.svg"
"S02","S02 · 저장 완료","screens-svg/S02.svg"
"R02_TIME","Support / R02_TIME · 위치 없이 시간 기록","screens-svg/R02_TIME.svg"