scope,screen_id,title,design_status,reference_png,implementation_status,route_or_state,changed_files,actual_capture,validation_status,remaining_notes
v19,CM01,확정 목록,reviewed,01-packages/stepup-community-core-blue-v19/01-screens/CM01.png,구현,Screen.Community(community) › 러닝 이야기 글자 탭 › StoriesTab · 위치/지역 확정 + 목록 조회 성공,app/src/main/java/com/stepup/android/ui/screens/community/CommunityScreen.kt; app/src/main/java/com/stepup/android/ui/screens/community/stories/StoriesTab.kt; app/src/main/java/com/stepup/android/ui/screens/community/stories/StoryParts.kt; app/src/main/java/com/stepup/android/ui/screens/community/stories/StoryMap.kt; app/src/main/java/com/stepup/android/ui/StepUpRoot.kt(바닥만); app/src/main/res/values*/community_blue.xml,,"컴파일·단위·린트 통과(androidTest 컴파일만), 기기 미확인","상단 로고·잔액 머리는 공통 MainHeader(StepUpRoot) 그대로 — 시안의 로고+""커뮤니티"" 제목·SUP 알약 없음과 다름(공통 머리라 손대지 않음). 작은 지도는 실제 타일(남색 색 필터)·실제 핀/기준점."
v19,CM02,범위 변경,reviewed,01-packages/stepup-community-core-blue-v19/01-screens/CM02.png,구현,"StoriesTab › StoryRangeSheet(임시 선택 → ""이 범위로 보기""에서만 적용)",app/src/main/java/com/stepup/android/ui/screens/community/stories/StoriesTab.kt; app/src/main/java/com/stepup/android/ui/screens/community/stories/StoryParts.kt; app/src/main/res/values*/community_blue.xml,,"컴파일·단위·린트 통과(androidTest 컴파일만), 기기 미확인",범위 설명 문구는 앱 문구(시안 예시 문구와 일부 다름). 기본 반경은 저장된 값(StoryRange.DEFAULT=1km) 그대로.
v19,CM03,지역 검색,reviewed,01-packages/stepup-community-core-blue-v19/01-screens/CM03.png,구현,story/region(StoryRegionScreen) · 검색어 입력,app/src/main/java/com/stepup/android/ui/screens/community/stories/StoryLocationScreens.kt; app/src/main/java/com/stepup/android/ui/screens/community/stories/StoryPlacePicker.kt; app/src/main/res/values*/community_blue.xml,,"컴파일·단위·린트 통과(androidTest 컴파일만), 기기 미확인",내 위치로 찾기는 실제 권한 요청.
v19,CM04,지역 검색 결과 없음,reviewed,01-packages/stepup-community-core-blue-v19/01-screens/CM04.png,구현,story/region · 검색 결과 0건(story-region-empty),app/src/main/java/com/stepup/android/ui/screens/community/stories/StoryLocationScreens.kt; app/src/main/res/values*/community_blue.xml,,"컴파일·단위·린트 통과(androidTest 컴파일만), 기기 미확인",이전 지역은 저장값 그대로 유지.
v19,CM05,주변 지도,reviewed,01-packages/stepup-community-core-blue-v19/01-screens/CM05.png,구현,story/map(StoryMapScreen) · 장소 미선택,app/src/main/java/com/stepup/android/ui/screens/community/stories/StoryMapScreen.kt; app/src/main/java/com/stepup/android/ui/screens/community/stories/StoryMap.kt; app/src/main/java/com/stepup/android/ui/screens/community/stories/StoriesViewModel.kt; app/src/main/res/values*/community_blue.xml,,"컴파일·단위·린트 통과(androidTest 컴파일만), 기기 미확인","지도 높이 min(196dp, 화면 26%). 핀 군집화는 없음(기존 StoryPinsMap 알약 그대로). ""내 위치"" 다시 맞추기는 지도 부품의 기존 ± · 제자리 버튼."
v19,CM06,지도에서 장소 선택,reviewed,01-packages/stepup-community-core-blue-v19/01-screens/CM06.png,구현,story/map · 핀 또는 글 썸네일로 장소 선택 → 같은 화면 목록 필터,app/src/main/java/com/stepup/android/ui/screens/community/stories/StoryMapScreen.kt; app/src/main/java/com/stepup/android/ui/screens/community/stories/StoryMap.kt; app/src/main/java/com/stepup/android/ui/screens/community/stories/StoriesViewModel.kt,,"컴파일·단위·린트 통과(androidTest 컴파일만), 기기 미확인","""이 장소 글 보기"" 제거(지도 안에서 바로 필터). 뒤로 가기는 들어온 화면(목록/상세)으로."
v19,CM08,글 상세,reviewed,01-packages/stepup-community-core-blue-v19/01-screens/CM08.png,구현,story/{postId}(StoryDetailScreen) · 다른 사람 글,app/src/main/java/com/stepup/android/ui/screens/community/stories/StoryDetailScreen.kt; app/src/main/java/com/stepup/android/ui/screens/community/stories/StoryParts.kt; app/src/main/res/values*/community_blue.xml,,"컴파일·단위·린트 통과(androidTest 컴파일만), 기기 미확인",
v19,CM09,댓글 입력,reviewed,01-packages/stepup-community-core-blue-v19/01-screens/CM09.png,구현,"story/{postId} · 댓글 입력 포커스(OS 키보드, imePadding)",app/src/main/java/com/stepup/android/ui/screens/community/stories/StoryDetailScreen.kt,,"컴파일·단위·린트 통과(androidTest 컴파일만), 기기 미확인","시안 CM11의 별도 ""댓글"" 화면 구도는 만들지 않고 상세 아래 입력줄로 유지."
v19,CM10,댓글 등록 완료,reviewed,01-packages/stepup-community-core-blue-v19/01-screens/CM10.png,구현,story/{postId} · 서버 성공 후 입력 비움·개수 갱신,app/src/main/java/com/stepup/android/ui/screens/community/stories/StoryDetailScreen.kt,,"컴파일·단위·린트 통과(androidTest 컴파일만), 기기 미확인",
v19,CM11,댓글 등록 실패,reviewed,01-packages/stepup-community-core-blue-v19/01-screens/CM11.png,구현,"story/{postId} · StoryDetailError.COMMENT → 입력 위 빨간 안내 + ""재시도""",app/src/main/java/com/stepup/android/ui/screens/community/stories/StoryDetailScreen.kt; app/src/main/res/values*/community_blue.xml,,"컴파일·단위·린트 통과(androidTest 컴파일만), 기기 미확인",입력 내용 보존.
v19,CM12,글쓰기 시작,reviewed,01-packages/stepup-community-core-blue-v19/01-screens/CM12.png,구현,"story/compose(StoryComposeScreen) · 새 글, 필수 입력 없음",app/src/main/java/com/stepup/android/ui/screens/community/stories/StoryComposeScreen.kt; app/src/main/java/com/stepup/android/ui/screens/community/stories/StoryComposeParts.kt; app/src/main/res/values*/community_blue.xml,,"컴파일·단위·린트 통과(androidTest 컴파일만), 기기 미확인","코스 칸은 기록 상태(StoryRecordCard)에 따라 바뀜 — ""달린 코스 붙이기(선택)""는 Available 상태."
v19,CM13,내용과 장소 입력,reviewed,01-packages/stepup-community-core-blue-v19/01-screens/CM13.png,구현,story/compose · 장소+본문 입력(일반 글),app/src/main/java/com/stepup/android/ui/screens/community/stories/StoryComposeScreen.kt; app/src/main/java/com/stepup/android/ui/screens/community/stories/StoryComposeParts.kt,,"컴파일·단위·린트 통과(androidTest 컴파일만), 기기 미확인",
v19,CM14,장소 검색,reviewed,01-packages/stepup-community-core-blue-v19/01-screens/CM14.png,구현,story/compose 안 PICK 단계(StoryPlacePicker) · 검색,app/src/main/java/com/stepup/android/ui/screens/community/stories/StoryComposeScreen.kt; app/src/main/java/com/stepup/android/ui/screens/community/stories/StoryPlacePicker.kt; app/src/main/res/values*/community_blue.xml,,"컴파일·단위·린트 통과(androidTest 컴파일만), 기기 미확인",검색 결과·장소 줄 한 번 탭 → setPlace 후 바로 작성 화면(기존 CONFIRM 경유 제거). 내 주변/최근 장소 바로가기 → 장소 쉽게 고르기 시트.
v19,CM15,장소 확인,reviewed,01-packages/stepup-community-core-blue-v19/01-screens/CM15.png,구현,story/compose 안 CONFIRM 단계(StoryPlaceConfirm) · 지도에서 직접 고를 때만,app/src/main/java/com/stepup/android/ui/screens/community/stories/StoryComposeScreen.kt; app/src/main/java/com/stepup/android/ui/screens/community/stories/StoryPlacePicker.kt; app/src/main/res/values*/community_blue.xml,,"컴파일·단위·린트 통과(androidTest 컴파일만), 기기 미확인",
v19,CM16,장소 검색 결과 없음,reviewed,01-packages/stepup-community-core-blue-v19/01-screens/CM16.png,구현,PICK 단계 · 검색 결과 0건(story-place-empty),app/src/main/java/com/stepup/android/ui/screens/community/stories/StoryPlacePicker.kt; app/src/main/res/values*/community_blue.xml,,"컴파일·단위·린트 통과(androidTest 컴파일만), 기기 미확인",
v19,CM17,글 올리는 중,reviewed,01-packages/stepup-community-core-blue-v19/01-screens/CM17.png,구현,"story/compose · submitting(버튼 busy, 중복 차단)",app/src/main/java/com/stepup/android/ui/screens/community/stories/StoryComposeScreen.kt,,"컴파일·단위·린트 통과(androidTest 컴파일만), 기기 미확인",결과 불명 시 같은 client_key 재전송(기존 계약).
v19,CM18,글 게시 완료,reviewed,01-packages/stepup-community-core-blue-v19/01-screens/CM18.png,부분 구현,목록 복귀 + StoryNotice.Posted 토스트,app/src/main/java/com/stepup/android/ui/screens/community/stories/StoriesTab.kt,,"컴파일·단위·린트 통과(androidTest 컴파일만), 기기 미확인","게시 후 범위·필터를 자동으로 넓히던 reveal 호출을 뗌(지시서: 지역·반경 임의 변경 금지). 현재 필터 밖이면 목록에 넣지 않음. ""내 글→CM44"" 바로가기 버튼은 없음(행을 눌러 상세)."
v19,CM19,글 게시 실패,reviewed,01-packages/stepup-community-core-blue-v19/01-screens/CM19.png,구현,story/compose · StoryPublishError.FAILED,app/src/main/java/com/stepup/android/ui/screens/community/stories/StoryComposeScreen.kt,,"컴파일·단위·린트 통과(androidTest 컴파일만), 기기 미확인",
v19,CM20,작성 중 나가기,reviewed,01-packages/stepup-community-core-blue-v19/01-screens/CM20.png,구현,story/compose · 변경 후 뒤로 → 나가기 시트,app/src/main/java/com/stepup/android/ui/screens/community/stories/StoryComposeScreen.kt; app/src/main/res/values*/community_blue.xml,,"컴파일·단위·린트 통과(androidTest 컴파일만), 기기 미확인",
v19,CM21,임시저장 이어쓰기,reviewed,01-packages/stepup-community-core-blue-v19/01-screens/CM21.png,구현,StoriesTab · 초안 있을 때 글쓰기 → 이어쓰기 시트,app/src/main/java/com/stepup/android/ui/screens/community/stories/StoriesTab.kt; app/src/main/res/values*/community_blue.xml,,"컴파일·단위·린트 통과(androidTest 컴파일만), 기기 미확인",첨부 기간 재검증은 기존 StoryComposeViewModel 그대로.
v19,CM22,내 글 메뉴,reviewed,01-packages/stepup-community-core-blue-v19/01-screens/CM22.png,구현,story/{postId} · 내 글 더보기 시트,app/src/main/java/com/stepup/android/ui/screens/community/stories/StoryDetailScreen.kt,,"컴파일·단위·린트 통과(androidTest 컴파일만), 기기 미확인",
v19,CM23,글 수정,reviewed,01-packages/stepup-community-core-blue-v19/01-screens/CM23.png,구현,story/compose?edit={id} · 수정(같은 글 ID),app/src/main/java/com/stepup/android/ui/screens/community/stories/StoryComposeScreen.kt; app/src/main/java/com/stepup/android/ui/screens/community/stories/StoryComposeParts.kt,,"컴파일·단위·린트 통과(androidTest 컴파일만), 기기 미확인",
v19,CM24,글 삭제 확인,reviewed,01-packages/stepup-community-core-blue-v19/01-screens/CM24.png,구현,story/{postId} · 삭제 확인 시트(StoryConfirmDialog → 시트로),app/src/main/java/com/stepup/android/ui/screens/community/stories/StoryDetailScreen.kt; app/src/main/java/com/stepup/android/ui/screens/community/stories/StoryParts.kt; app/src/main/res/values*/community_blue.xml,,"컴파일·단위·린트 통과(androidTest 컴파일만), 기기 미확인",
v19,CM25,삭제 실패,reviewed,01-packages/stepup-community-core-blue-v19/01-screens/CM25.png,구현,"story/{postId} · 삭제 실패 → 시트 안 빨간 안내 + ""다시 삭제""",app/src/main/java/com/stepup/android/ui/screens/community/stories/StoryDetailScreen.kt; app/src/main/java/com/stepup/android/ui/screens/community/stories/StoryParts.kt; app/src/main/res/values*/community_blue.xml,,"컴파일·단위·린트 통과(androidTest 컴파일만), 기기 미확인",
v19,CM26,다른 글 메뉴,reviewed,01-packages/stepup-community-core-blue-v19/01-screens/CM26.png,구현,story/{postId} · 다른 글 더보기 시트(숨기기·신고),app/src/main/java/com/stepup/android/ui/screens/community/stories/StoryDetailScreen.kt; app/src/main/res/values*/community_blue.xml,,"컴파일·단위·린트 통과(androidTest 컴파일만), 기기 미확인",
v19,CM27,신고 사유,reviewed,01-packages/stepup-community-core-blue-v19/01-screens/CM27.png,구현,story/{postId} · 신고 사유 시트,app/src/main/java/com/stepup/android/ui/screens/community/stories/StoryDetailScreen.kt; app/src/main/res/values*/community_blue.xml,,"컴파일·단위·린트 통과(androidTest 컴파일만), 기기 미확인",사유 값은 기존 StoryReportReason 매핑 그대로(PRIVACY→OTHER+note).
v19,CM28,신고 접수 완료,reviewed,01-packages/stepup-community-core-blue-v19/01-screens/CM28.png,구현,story/{postId} · REPORTED 시트(서버 접수 후),app/src/main/java/com/stepup/android/ui/screens/community/stories/StoryDetailScreen.kt; app/src/main/res/values*/community_blue.xml,,"컴파일·단위·린트 통과(androidTest 컴파일만), 기기 미확인",
v19,CM29,글 숨김 완료,reviewed,01-packages/stepup-community-core-blue-v19/01-screens/CM29.png,구현,목록 복귀 · StoryNotice.Hidden 토스트(되돌리기),app/src/main/java/com/stepup/android/ui/screens/community/stories/StoriesTab.kt; app/src/main/java/com/stepup/android/ui/screens/community/stories/StoryParts.kt,,"컴파일·단위·린트 통과(androidTest 컴파일만), 기기 미확인",
v19,CM30,위치 사용 안내,reviewed,01-packages/stepup-community-core-blue-v19/01-screens/CM30.png,구현,"StoriesTab · NEED_PERMISSION, 처음 묻는 안내(아래 패널)",app/src/main/java/com/stepup/android/ui/screens/community/stories/StoriesTab.kt; app/src/main/res/values*/community_blue.xml,,"컴파일·단위·린트 통과(androidTest 컴파일만), 기기 미확인","닫기(×) 후에는 가운데 안내 + ""지역 직접 선택""."
v19,CM31,위치 권한 꺼짐,reviewed,01-packages/stepup-community-core-blue-v19/01-screens/CM31.png,구현,StoriesTab · 권한 거절 후(denied) → 설정 열기,app/src/main/java/com/stepup/android/ui/screens/community/stories/StoriesTab.kt; app/src/main/res/values*/community_blue.xml,,"컴파일·단위·린트 통과(androidTest 컴파일만), 기기 미확인",거절 판정은 이번 화면에서 권한 요청 결과 기준(영구 거부 여부 별도 판정 없음).
v19,CM32,위치 확인 중,reviewed,01-packages/stepup-community-core-blue-v19/01-screens/CM32.png,구현,StoriesTab · LOCATING,app/src/main/java/com/stepup/android/ui/screens/community/stories/StoriesTab.kt; app/src/main/res/values*/community_blue.xml,,"컴파일·단위·린트 통과(androidTest 컴파일만), 기기 미확인",
v19,CM33,주변 글 없음,reviewed,01-packages/stepup-community-core-blue-v19/01-screens/CM33.png,구현,StoriesTab · 조회 성공 0건(stories-empty),app/src/main/java/com/stepup/android/ui/screens/community/stories/StoriesTab.kt; app/src/main/res/values*/community_blue.xml,,"컴파일·단위·린트 통과(androidTest 컴파일만), 기기 미확인",
v19,CM34,목록 불러오는 중,reviewed,01-packages/stepup-community-core-blue-v19/01-screens/CM34.png,구현,StoriesTab · BoardSyncState.Loading/Idle + 빈 목록,app/src/main/java/com/stepup/android/ui/screens/community/stories/StoriesTab.kt; app/src/main/java/com/stepup/android/ui/screens/community/stories/StoryParts.kt,,"컴파일·단위·린트 통과(androidTest 컴파일만), 기기 미확인","작은 지도 칸의 ""지도 확인 중"" 스피너는 없음(지도 부품이 타일 상태를 알려 주지 않음)."
v19,CM35,목록 조회 실패,reviewed,01-packages/stepup-community-core-blue-v19/01-screens/CM35.png,구현,"StoriesTab · Failed + 빈 목록(stories-error, 아래 ""다시 불러오기"")",app/src/main/java/com/stepup/android/ui/screens/community/stories/StoriesTab.kt; app/src/main/res/values*/community_blue.xml,,"컴파일·단위·린트 통과(androidTest 컴파일만), 기기 미확인",이전 글이 있으면 글 유지 + 새로고침 실패 띠.
v19,CM36,지도 조회 실패,reviewed,01-packages/stepup-community-core-blue-v19/01-screens/CM36.png,조건부·미연결,story/map · 지도 타일만 실패,,,해당 없음,StepUpMap(공통 지도 부품)이 타일 실패 상태를 밖으로 알리지 않아 연결 못 함. 목록은 그대로 동작.
v19,CM37,위치 찾기 실패,reviewed,01-packages/stepup-community-core-blue-v19/01-screens/CM37.png,구현,StoriesTab · LOCATING 10초 초과(위치 찾기 실패),app/src/main/java/com/stepup/android/ui/screens/community/stories/StoriesTab.kt; app/src/main/res/values*/community_blue.xml,,"컴파일·단위·린트 통과(androidTest 컴파일만), 기기 미확인","실패는 10초 대기 기준(기존 규칙). ""위치 다시 찾기""는 대기 타이머만 다시 시작."
v19,CM38,볼 수 없는 글,reviewed,01-packages/stepup-community-core-blue-v19/01-screens/CM38.png,구현,story/{postId} · missing(목록 조회 성공인데 글 없음),app/src/main/java/com/stepup/android/ui/screens/community/stories/StoryDetailScreen.kt; app/src/main/res/values*/community_blue.xml,,"컴파일·단위·린트 통과(androidTest 컴파일만), 기기 미확인",
v19,CM39,좋아요 반영 실패,reviewed,01-packages/stepup-community-core-blue-v19/01-screens/CM39.png,구현,story/{postId} · StoryDetailError.LIKE → 반응 아래 한 줄,app/src/main/java/com/stepup/android/ui/screens/community/stories/StoryDetailScreen.kt; app/src/main/java/com/stepup/android/ui/screens/community/stories/StoryParts.kt; app/src/main/res/values*/community_blue.xml,,"컴파일·단위·린트 통과(androidTest 컴파일만), 기기 미확인",직전 상태 복구는 저장소(기존).
v19,CM40,신고 접수 실패,reviewed,01-packages/stepup-community-core-blue-v19/01-screens/CM40.png,구현,"story/{postId} · 신고 실패 → 시트 안 안내 + ""다시 접수"", 사유 유지",app/src/main/java/com/stepup/android/ui/screens/community/stories/StoryDetailScreen.kt; app/src/main/res/values*/community_blue.xml,,"컴파일·단위·린트 통과(androidTest 컴파일만), 기기 미확인",
v19,CM41,지도 불러오는 중,reviewed,01-packages/stepup-community-core-blue-v19/01-screens/CM41.png,조건부·미연결,story/map · 지도 타일 불러오는 중,,,해당 없음,CM36과 같은 이유 — 타일 로딩 상태를 받을 수 없음.
v19,CM42,글 불러오는 중,reviewed,01-packages/stepup-community-core-blue-v19/01-screens/CM42.png,구현,story/{postId} · post 없음 + 조회 중(스켈레톤),app/src/main/java/com/stepup/android/ui/screens/community/stories/StoryDetailScreen.kt; app/src/main/res/values*/community_blue.xml,,"컴파일·단위·린트 통과(androidTest 컴파일만), 기기 미확인",
v19,CM43,직접 선택한 지역의 글,reviewed,01-packages/stepup-community-core-blue-v19/01-screens/CM43.png,구현,"StoriesTab · origin.manual(직접 고른 지역) — ""선택한 지역에서""",app/src/main/java/com/stepup/android/ui/screens/community/stories/StoriesTab.kt; app/src/main/res/values*/community_blue.xml,,"컴파일·단위·린트 통과(androidTest 컴파일만), 기기 미확인","GPS 점 대신 ""선택한 지역"" 기준점."
v19,CM44,내가 쓴 글 상세,reviewed,01-packages/stepup-community-core-blue-v19/01-screens/CM44.png,구현,story/{postId} · 내 글(mine),app/src/main/java/com/stepup/android/ui/screens/community/stories/StoryDetailScreen.kt,,"컴파일·단위·린트 통과(androidTest 컴파일만), 기기 미확인",
